TimePeriod,BoroID,Annual mean ppb,Summer mean ppb,Winter mean ppb,Annual mean ppb_log,Summer mean ppb_log,Winter mean ppb_log,Borough_Brooklyn,Borough_Manhattan,Borough_Queens,Borough_Staten Island
2024-01-01,3,18.6,17.0,22.5,2.975529566236472,2.8903717578961645,3.1570004211501135,0.0,1.0,0.0,0.0
2024-01-01,4,14.0,11.2,19.6,2.70805020110221,2.501435951739211,3.0252910757955354,0.0,0.0,1.0,0.0
2024-01-01,1,14.6,12.8,18.6,2.747270914255491,2.624668592163159,2.975529566236472,0.0,0.0,0.0,0.0
2024-01-01,5,11.9,9.0,16.2,2.5572273113676265,2.302585092994046,2.8449093838194073,0.0,0.0,0.0,1.0
2024-01-01,2,14.6,11.4,20.4,2.747270914255491,2.517696472610991,3.0633909220278057,1.0,0.0,0.0,0.0
2023-01-01,3,19.5,16.7,22.6,3.0204248861443626,2.8735646395797834,3.1612467120315646,0.0,1.0,0.0,0.0
2023-01-01,2,16.6,12.5,21.9,2.8678989020441064,2.6026896854443837,3.131136910560194,1.0,0.0,0.0,0.0
2023-01-01,1,15.8,12.8,19.7,2.8213788864092133,2.624668592163159,3.0301337002713233,0.0,0.0,0.0,0.0
2023-01-01,4,15.5,11.5,19.3,2.803360380906535,2.5257286443082556,3.0106208860477417,0.0,0.0,1.0,0.0
2023-01-01,5,12.7,9.3,17.3,2.617395832834079,2.33214389523559,2.9069010598473755,0.0,0.0,0.0,1.0
2022-01-01,4,14.9,10.6,20.1,2.766319109226186,2.451005098112319,3.0492730404820207,0.0,0.0,1.0,0.0
2022-01-01,5,11.2,7.8,16.4,2.501435951739211,2.174751721484161,2.856470206220483,0.0,0.0,0.0,1.0
2022-01-01,1,16.0,12.2,21.8,2.833213344056216,2.580216829592325,3.126760535960395,0.0,0.0,0.0,0.0
2022-01-01,2,15.4,10.7,21.2,2.797281334830153,2.4595888418037104,3.100092288878234,1.0,0.0,0.0,0.0
2022-01-01,3,19.1,15.4,23.4,3.0007198150650303,2.797281334830153,3.1945831322991562,0.0,1.0,0.0,0.0
2021-01-01,3,20.0,16.4,23.7,3.044522437723423,2.856470206220483,3.2068032436339315,0.0,1.0,0.0,0.0
2021-01-01,2,16.7,11.5,22.7,2.8735646395797834,2.5257286443082556,3.1654750481410856,1.0,0.0,0.0,0.0
2021-01-01,4,15.5,11.0,20.7,2.803360380906535,2.4849066497880004,3.077312260546414,0.0,0.0,1.0,0.0
2021-01-01,1,16.5,12.8,19.9,2.8622008809294686,2.624668592163159,3.039749158970765,0.0,0.0,0.0,0.0
2021-01-01,5,12.8,7.7,18.7,2.624668592163159,2.163323025660538,2.9806186357439426,0.0,0.0,0.0,1.0
2020-01-01,4,14.8,10.0,22.9,2.760009940032921,2.3978952727983707,3.173878458937465,0.0,0.0,1.0,0.0
2020-01-01,5,11.6,7.8,17.9,2.533696813957432,2.174751721484161,2.9391619220655967,0.0,0.0,0.0,1.0
2020-01-01,2,16.0,10.8,25.6,2.833213344056216,2.468099531471619,3.2809112157876537,1.0,0.0,0.0,0.0
2020-01-01,1,17.1,13.2,23.0,2.89591193827178,2.653241964607215,3.1780538303479458,0.0,0.0,0.0,0.0
2020-01-01,3,20.5,16.0,29.3,3.068052935133617,2.833213344056216,3.4111477125153233,0.0,1.0,0.0,0.0
2019-01-01,3,21.7,19.7,26.0,3.122364924487357,3.0301337002713233,3.295836866004329,0.0,1.0,0.0,0.0
2019-01-01,2,16.5,13.4,21.8,2.8622008809294686,2.667228206581955,3.126760535960395,1.0,0.0,0.0,0.0
2019-01-01,1,16.0,13.1,20.9,2.833213344056216,2.6461747973841225,3.086486636822455,0.0,0.0,0.0,0.0
2019-01-01,4,15.7,13.1,20.4,2.8154087194227095,2.6461747973841225,3.0633909220278057,0.0,0.0,1.0,0.0
2019-01-01,5,11.9,9.8,16.1,2.5572273113676265,2.379546134130174,2.8390784635086144,0.0,0.0,0.0,1.0
2018-01-01,4,17.2,12.5,23.5,2.9014215940827497,2.6026896854443837,3.1986731175506815,0.0,0.0,1.0,0.0
2018-01-01,5,12.9,8.2,18.9,2.631888840136646,2.2192034840549946,2.990719731730447,0.0,0.0,0.0,1.0
2018-01-01,1,17.7,13.6,23.6,2.928523523860541,2.681021528714291,3.202746442938317,0.0,0.0,0.0,0.0
2018-01-01,2,17.8,12.5,24.0,2.9338568698359038,2.6026896854443837,3.2188758248682006,1.0,0.0,0.0,0.0
2018-01-01,3,23.4,19.7,28.6,3.1945831322991562,3.0301337002713233,3.3877743613300146,0.0,1.0,0.0,0.0
2017-01-01,3,24.6,21.3,29.7,3.242592351485517,3.104586678466073,3.4242626545931514,0.0,1.0,0.0,0.0
2017-01-01,1,19.4,15.0,26.4,3.0155349008501706,2.772588722239781,3.3105430133940246,0.0,0.0,0.0,0.0
2017-01-01,4,17.8,13.4,24.8,2.9338568698359038,2.667228206581955,3.250374491927572,0.0,0.0,1.0,0.0
2017-01-01,2,18.5,13.4,24.7,2.970414465569701,2.667228206581955,3.246490991901174,1.0,0.0,0.0,0.0
2017-01-01,5,13.4,9.4,18.7,2.667228206581955,2.341805806147327,2.9806186357439426,0.0,0.0,0.0,1.0
2016-01-01,1,18.4,14.9,22.3,2.9652730660692823,2.766319109226186,3.1484533605716547,0.0,0.0,0.0,0.0
2016-01-01,5,13.5,9.2,18.1,2.6741486494265287,2.322387720290225,2.9496883350525844,0.0,0.0,0.0,1.0
2016-01-01,3,24.4,20.6,27.5,3.2347491740244907,3.0726933146901194,3.349904087274605,0.0,1.0,0.0,0.0
2016-01-01,4,17.6,13.1,22.4,2.9231615807191558,2.6461747973841225,3.152736022363656,0.0,0.0,1.0,0.0
2016-01-01,2,18.5,13.6,23.4,2.970414465569701,2.681021528714291,3.1945831322991562,1.0,0.0,0.0,0.0
2015-01-01,3,25.2,21.2,28.7,3.265759410767051,3.100092288878234,3.391147045808654,0.0,1.0,0.0,0.0
2015-01-01,2,19.3,14.1,25.3,3.0106208860477417,2.714694743820879,3.269568939183719,1.0,0.0,0.0,0.0
2015-01-01,1,20.0,16.0,23.9,3.044522437723423,2.833213344056216,3.214867803470662,0.0,0.0,0.0,0.0
2015-01-01,4,18.5,13.5,23.9,2.970414465569701,2.6741486494265287,3.214867803470662,0.0,0.0,1.0,0.0
2015-01-01,5,13.7,8.8,19.8,2.6878474937846906,2.2823823856765264,3.0349529867072724,0.0,0.0,0.0,1.0
2014-01-01,5,14.2,9.3,21.8,2.7212954278522306,2.33214389523559,3.126760535960395,0.0,0.0,0.0,1.0
2014-01-01,1,19.8,15.8,25.9,3.0349529867072724,2.8213788864092133,3.292126286607793,0.0,0.0,0.0,0.0
2014-01-01,2,19.9,14.5,27.8,3.039749158970765,2.740840023925201,3.3603753871419,1.0,0.0,0.0,0.0
2014-01-01,3,26.7,22.7,32.4,3.3214324131932926,3.1654750481410856,3.5085558999826545,0.0,1.0,0.0,0.0
2014-01-01,4,18.9,13.7,26.8,2.990719731730447,2.6878474937846906,3.3250360206965914,0.0,0.0,1.0,0.0
2013-01-01,3,28.0,24.7,31.6,3.367295829986474,3.246490991901174,3.484312288372662,0.0,1.0,0.0,0.0
2013-01-01,2,19.9,15.8,25.3,3.039749158970765,2.8213788864092133,3.269568939183719,1.0,0.0,0.0,0.0
2013-01-01,1,19.9,15.9,24.0,3.039749158970765,2.8273136219290276,3.2188758248682006,0.0,0.0,0.0,0.0
2013-01-01,4,18.7,15.6,22.8,2.9806186357439426,2.8094026953624978,3.169685580677429,0.0,0.0,1.0,0.0
2013-01-01,5,13.8,10.0,19.1,2.6946271807700692,2.3978952727983707,3.0007198150650303,0.0,0.0,0.0,1.0
2012-01-01,4,19.4,15.8,22.6,3.0155349008501706,2.8213788864092133,3.1612467120315646,0.0,0.0,1.0,0.0
2012-01-01,5,14.5,10.6,17.9,2.740840023925201,2.451005098112319,2.9391619220655967,0.0,0.0,0.0,1.0
2012-01-01,1,21.0,17.0,23.5,3.091042453358316,2.8903717578961645,3.1986731175506815,0.0,0.0,0.0,0.0
2012-01-01,2,20.6,16.3,23.5,3.0726933146901194,2.8507065015037334,3.1986731175506815,1.0,0.0,0.0,0.0
2012-01-01,3,28.7,25.8,30.2,3.391147045808654,3.288401887516811,3.4404180948154366,0.0,1.0,0.0,0.0
2011-01-01,3,31.0,27.7,35.4,3.4657359027997265,3.3568971227655755,3.594568774642695,0.0,1.0,0.0,0.0
2011-01-01,2,22.8,18.1,29.7,3.169685580677429,2.9496883350525844,3.4242626545931514,1.0,0.0,0.0,0.0
2011-01-01,4,21.5,17.0,28.3,3.1135153092103742,2.8903717578961645,3.3775875160230218,0.0,0.0,1.0,0.0
2011-01-01,1,22.7,18.3,28.2,3.1654750481410856,2.9601050959108397,3.374168709274236,0.0,0.0,0.0,0.0
2011-01-01,5,16.2,11.6,23.1,2.8449093838194073,2.533696813957432,3.1822118404966093,0.0,0.0,0.0,1.0
2010-01-01,1,22.2,19.4,24.4,3.1441522786722644,3.0155349008501706,3.2347491740244907,0.0,0.0,0.0,0.0
2010-01-01,5,15.4,12.0,19.1,2.797281334830153,2.5649493574615367,3.0007198150650303,0.0,0.0,0.0,1.0
2010-01-01,2,22.7,18.2,27.2,3.1654750481410856,2.954910279033736,3.339321977944068,1.0,0.0,0.0,0.0
2010-01-01,4,21.0,17.4,25.0,3.091042453358316,2.91235066461494,3.258096538021482,0.0,0.0,1.0,0.0
2010-01-01,3,30.6,28.5,32.2,3.4531571205928664,3.3843902633457743,3.502549875922443,0.0,1.0,0.0,0.0
2009-01-01,3,33.9,30.9,38.4,3.5524868292083815,3.462606009790799,3.673765816303888,0.0,1.0,0.0,0.0
2009-01-01,2,24.1,20.1,29.4,3.2228678461377385,3.0492730404820207,3.414442608412176,1.0,0.0,0.0,0.0
2009-01-01,1,24.5,20.8,29.3,3.2386784521643803,3.0819099697950434,3.4111477125153233,0.0,0.0,0.0,0.0
2009-01-01,4,22.2,18.1,27.9,3.1441522786722644,2.9496883350525844,3.3638415951183864,0.0,0.0,1.0,0.0
2009-01-01,5,16.8,13.2,21.6,2.8791984572980396,2.653241964607215,3.1179499062782403,0.0,0.0,0.0,1.0
